ID,Center X,Center Y,PC X,PC Y,PT X,PT Y,CLASSIFICATION,GROUP ID
0,320.7603172456519931391525126,-949.9451335377776762324741466,418.3054782537161171810466732,-459.5524933361624609428530274,810.3470427001046357088440465,-848.4323842952002465233518191,CONTINUOUS,0
1,1325.848005973486970596926988,-1634.424563665398198335538401,835.4553657718717612802243294,-1731.969724673462352405321419,1224.335256730909527010016853,-2124.011289119850840905229935,CONTINUOUS,0
2,1962.627622252306987453723306,-2388.169599874538609932987837,2011.400202756339049474670387,-2142.973279773731002288177277,2205.788373382603380550309222,-2330.093364547599109796487310,CONTINUOUS,0
3,2463.800351719404251236278660,-2521.913335716163969486759153,2218.604031618596646577927331,-2570.685916220196046521650662,2415.027771215372203093119387,-2767.109655816971577131569713,CONTINUOUS,0
4,3043.565542730231271446344885,-2974.140523646814828564131883,3082.583607133456921063102549,-2777.983467566168742448283436,3237.375370887285969130092576,-2924.766942555983192188705200,CONTINUOUS,0
5,3442.464392230333144105488784,-3080.267998316330028443937090,3246.307336149687060378807721,-3119.286062719555690071850298,3389.121840735353482130906243,-3273.023211475417996488439849,CONTINUOUS,0
6,3544.622896495700330944218809,-3478.112232818465161942142548,3583.640960898925980560976473,-3281.955176737819075826294101,3738.432724652755028627966500,-3428.738651727633525566715865,CONTINUOUS,0
